iter	RMSE
0	841.4027559
1	758.8324061
2	686.208185
3	645.5407574
4	618.7657827
5	596.163649
6	582.9265667
7	570.826014
8	562.7060434
9	553.8723203
10	546.6954565
11	539.2782335
12	535.5284526
13	532.0914157
14	528.1128862
15	524.9556832
16	522.9592008
17	520.139528
